{
  "hook": "blocks.8.hook_resid_pre",
  "n_features_total": 24576,
  "n_alive": 24570,
  "k": 3000,
  "seed": 0,
  "alive_only": {
    "n_used": 3000,
    "verdict": "NULL",
    "r2": 0.0071,
    "locality": 0.4793,
    "near_strength": 0.5077,
    "far_strength": 0.5516,
    "near_pairs": 634,
    "far_pairs": 3,
    "total_pairs": 4498500,
    "sgeo_min": -0.532787902218065,
    "sgeo_p1": -0.10547279455757658,
    "sgeo_p99": 0.1716070249253375,
    "sgeo_max": 0.9999994216911987,
    "curve_sgeo": [
      -0.95,
      -0.85,
      -0.75,
      -0.65,
      -0.55,
      -0.45,
      -0.35,
      -0.25,
      -0.15,
      -0.05,
      0.05,
      0.15,
      0.25,
      0.35,
      0.45,
      0.55,
      0.65,
      0.75,
      0.85,
      0.95
    ],
    "curve_sfn": [
      null,
      null,
      null,
      null,
      -0.5516,
      -0.3567,
      -0.1969,
      -0.0545,
      -0.0937,
      -0.0415,
      0.0357,
      0.1365,
      0.221,
      0.3102,
      0.3724,
      0.4391,
      0.7185,
      0.647,
      0.9092,
      0.9998
    ],
    "curve_n": [
      0,
      0,
      0,
      0,
      3,
      24,
      417,
      3228,
      52403,
      2219351,
      2039282,
      155304,
      20813,
      5341,
      1700,
      469,
      119,
      44,
      1,
      1
    ]
  },
  "unfiltered": {
    "n_used": 3000,
    "verdict": "NULL",
    "r2": 0.0059,
    "locality": 0.5887,
    "near_strength": 0.48,
    "far_strength": 0.3353,
    "near_pairs": 582,
    "far_pairs": 3,
    "total_pairs": 4498500,
    "sgeo_min": -0.6217557804087958,
    "sgeo_p1": -0.1076016433336162,
    "sgeo_p99": 0.17227331637719578,
    "sgeo_max": 0.8657716413203995,
    "curve_sgeo": [
      -0.95,
      -0.85,
      -0.75,
      -0.65,
      -0.55,
      -0.45,
      -0.35,
      -0.25,
      -0.15,
      -0.05,
      0.05,
      0.15,
      0.25,
      0.35,
      0.45,
      0.55,
      0.65,
      0.75,
      0.85,
      0.95
    ],
    "curve_sfn": [
      null,
      null,
      null,
      -0.7373,
      -0.1343,
      -0.1229,
      -0.1244,
      -0.0671,
      -0.0875,
      -0.0374,
      0.032,
      0.1226,
      0.1962,
      0.2636,
      0.3466,
      0.4377,
      0.5568,
      0.6472,
      0.8836,
      null
    ],
    "curve_n": [
      0,
      0,
      0,
      1,
      2,
      34,
      497,
      3857,
      55703,
      2201214,
      2051153,
      157472,
      21409,
      5038,
      1538,
      416,
      122,
      40,
      4,
      0
    ]
  }
}